<?xml version="1.0" encoding="UTF-8"?>
<project-private xmlns="http://www.netbeans.org/ns/project-private/1">
    <editor-bookmarks xmlns="http://www.netbeans.org/ns/editor-bookmarks/2" lastBookmarkId="0"/>
    <open-files xmlns="http://www.netbeans.org/ns/projectui-open-files/2">
        <group>
            <file>file:/C:/xampp/htdocs/ProjetoQuick/application/views/corpo/corpoCategorias.php</file>
            <file>file:/C:/xampp/htdocs/ProjetoQuick/application/views/corpo/Produto/corpoCadProduto.php</file>
            <file>file:/C:/xampp/htdocs/ProjetoQuick/application/views/corpo/Produto/corpoEditarProduto.php</file>
            <file>file:/C:/xampp/htdocs/ProjetoQuick/application/views/corpo/corpo.php</file>
            <file>file:/C:/xampp/htdocs/ProjetoQuick/application/views/corpo/Administrador/corpoEditarAdministrador.php</file>
            <file>file:/C:/xampp/htdocs/ProjetoQuick/application/views/corpo/Administrador/administradoresCadastrados.php</file>
            <file>file:/C:/xampp/htdocs/ProjetoQuick/application/controllers/ControllerBanner.php</file>
            <file>file:/C:/xampp/htdocs/ProjetoQuick/application/views/corpo/Banners/corpoEditarBanner.php</file>
            <file>file:/C:/xampp/htdocs/ProjetoQuick/application/views/estrutura/banner.php</file>
            <file>file:/C:/xampp/htdocs/ProjetoQuick/application/controllers/ControllerCliente.php</file>
            <file>file:/C:/xampp/htdocs/ProjetoQuick/application/views/corpo/Checkout/corpoCheckout.php</file>
            <file>file:/C:/xampp/htdocs/ProjetoQuick/application/views/corpo/Banners/corpoCadBanner.php</file>
            <file>file:/C:/xampp/htdocs/ProjetoQuick/application/views/corpo/Produto/corpoResultadosProdutos.php</file>
            <file>file:/C:/xampp/htdocs/ProjetoQuick/application/controllers/ControllerProduto.php</file>
            <file>file:/C:/xampp/htdocs/ProjetoQuick/application/views/corpo/Operador/corpoEditarOperador.php</file>
        </group>
    </open-files>
</project-private>
